Download,Price,Source,Title,Availability,Comments
2023-10-19,155.0,FGB,Adrax Agatone,0,Pre-Order - dostawa po premierze
2023-10-19,175.5,FGB,Bladeguard Veterans,0,2-3 Dni
2023-10-19,265.0,FGB,Brutalis Dreadnought,1,Dostępny
2023-10-19,140.0,FGB,Captain with Jump Pack,1,Dostępny
2023-10-19,150.0,FGB,Chaplain in Terminator Armour,1,Dostępny
2023-10-19,154.98,FGB,Chief Librarian Tigurius,0,Dostawa w ciągu 10-14 dni
2023-10-19,195.0,FGB,Codex: Space Marines,2,Dostępny
2023-10-19,220.0,FGB,Company Heroes,1,Dostępny
2023-10-19,210.0,FGB,Contemptor Dreadnought,0,Dostawa w ciągu 10-14 dni
2023-10-19,150.0,FGB,"Dark Angels Veteran Squad (metal+plastik, 1999)",1,Dostępny
2023-10-19,60.0,FGB,Datacards: Salamanders,2,Dostępny
2023-10-19,140.0,FGB,Datasheet Cards: Space Marines,4,Dostępny
2023-10-19,195.0,FGB,Desolation Squad,1,Dostępny
2023-10-19,210.0,FGB,Devastator Squad,1,Dostępny
2023-10-19,166.5,FGB,Drop Pod,0,Dostawa w ciągu 10-14 dni
2023-10-19,94.0,FGB,Imperial Fists Primaris Upgrades and Transfers,0,Pre-Order - dostawa po premierze
2023-10-19,125.0,FGB,Iron Father Feirros,0,Pre-Order - dostawa po premierze
2023-10-19,75.0,FGB,Iron Hands Primaris Upgrades and Transfers,0,Pre-Order - dostawa po premierze
2023-10-19,195.0,FGB,Jump Pack Intercessors,0,2-3 Dni
2023-10-19,125.0,FGB,Kayvaan Shrike,0,Pre-Order - dostawa po premierze
2023-10-19,135.0,FGB,Kor'sarro Khan,0,Dostawa w ciągu 10-14 dni
2023-10-19,75.0,FGB,"Kronikarz w pancerzu Terminator (metal, '99)",1,Dostępny
2023-10-19,40.0,FGB,Naramienniki White Scars,1,Dostępny
2023-10-19,175.0,FGB,Outriders,2,Dostępny
2023-10-19,180.11,FGB,Primaris Eliminators,1,Dostępny
2023-10-19,165.0,FGB,Primaris Inceptors,0,2-3 Dni
2023-10-19,167.2,FGB,Primaris Intercessors,0,Dostawa w ciągu 10-14 dni
2023-10-19,100.0,FGB,Primaris Lieutenant with Power Sword,0,Na indywidualne zamówienie
2023-10-19,0.0,FGB,Primaris Redemptor Dreadnought,0,Dostawa w ciągu 10-14 dni
2023-10-19,175.0,FGB,Primaris Reivers,0,Dostawa w ciągu 10-14 dni
2023-10-19,250.0,FGB,Primaris Repulsor,0,Dostawa w ciągu 10-14 dni
2023-10-19,75.0,FGB,"Ragnar Blackmane (metal, 1993)",1,Dostępny
2023-10-19,120.0,FGB,"Space Marine Tactical Squad Trzecia Edycja (plastik+metal, modele '99-'03)",1,Dostępny
2023-10-19,99.0,FGB,Space Marines Dice Set,0,2-3 Dni
2023-10-19,130.0,FGB,Space Marines Lieutenant,1,Dostępny
2023-10-19,300.0,FGB,Space Marines Piąta Edycja (pomalowane),1,Dostępny
2023-10-19,100.0,FGB,"Space Marines Tactical Squad (druga edycja, plastik 1994)",0,2-3 Dni
2023-10-19,130.0,FGB,Space Marines: Infernus Marines + Paints Set,1,Dostępny
2023-10-19,145.2,FGB,Space Marines: Razorback,0,Dostawa w ciągu 10-14 dni
2023-10-19,175.0,FGB,Sternguard Veteran Squad,0,Dostawa w ciągu 10-14 dni
2023-10-19,210.0,FGB,Sternguard Veteran Squad,1,Dostępny
2023-10-19,200.0,FGB,Storm Speeder Hailstrike,0,2-3 Dni
2023-10-19,90.0,FGB,"Sword Brethren (metal, 2004)",1,Dostępny
2023-10-19,150.0,FGB,Tactical Squad,1,Dostępny
2023-10-19,160.0,FGB,Terminator Squad,0,Dostawa w ciągu 10-14 dni
2023-10-19,262.72,FGB,Terminator Squad,1,Dostępny
2023-10-19,125.0,FGB,Tor Garadon,0,Pre-Order - dostawa po premierze
2023-10-19,120.0,FGB,Vindicare Assassin,0,Dostawa w ciągu 10-14 dni
2023-10-19,200.0,FGB,"Warhammer 40,000 Introductory Set",0,2-3 Dni
2023-10-19,74.8,FGB,White Scars Primaris Upgrades & Transfers,0,Dostawa w ciągu 10-14 dni
2023-10-19,83.0,MTG,Warhammer 40000: Space Marines Dice Set,2,Dostępny
2023-10-19,125.0,MTG,Space Marines Chaplain in Terminator Armour,3,Dostępny
2023-10-19,183.0,MTG,Space Marines Terminator Squad 2023,3,Dostępny
2023-10-19,162.0,MTG,Space Marines Desolation Squad,3,Dostępny
2023-10-19,108.0,MTG,Space Marines Lieutenant,3,Dostępny
2023-10-19,175.0,MTG,Space Marines Sternguard Veteran Squad 2023,3,Dostępny
2023-10-19,220.0,MTG,Space Marines Brutalis Dreadnought,3,Dostępny
2023-10-19,117.0,MTG,Space Marines Captain with Jump Pack,2,Dostępny
2023-10-19,162.0,MTG,Space Marines Jump Pack Intercessors,1,Dostępny
2023-10-19,183.0,MTG,Space Marines Company Heroes,3,Dostępny
2023-10-19,117.0,MTG,Datasheet Cards: Space Marines 2023,2,Dostępny
2023-10-19,162.0,MTG,Codex Space Marines 2023 [ENG],1,Dostępny
2023-10-19,59.0,MTG,"Getting Started With Warhammer 40,000 2023 [ENG]",8,Dostępny
2023-10-19,108.0,MTG,Space Marines Infernus Marines + Paints Set,2,Dostępny
2023-10-19,113.0,MTG,Space Marines Librarian in Terminator Armour,1,Dostępny
2023-10-19,573.0,MTG,Warhammer 40000: Ultimate Starter Set,2,Dostępny
2023-10-19,299.0,MTG,Warhammer 40000: Starter Set,3,Dostępny
2023-10-19,183.0,MTG,Warhammer 40000: Introductory Set,3,Dostępny
2023-10-19,200.0,MTG,The Horus Heresy Legiones Astartes: Vindicator Siege Tank,2,Dostępny
2023-10-19,92.0,MTG,Kill Team Fellgor Ravager Dice Set,4,Dostępny
2023-10-19,229.0,MTG,The Horus Heresy Legiones Astartes: Sicaran Venator,2,Dostępny
2023-10-19,320.0,MTG,The Horus Heresy Legiones Astartes: Cerberus Heavy Tank Destroyer,2,Dostępny
2023-10-19,320.0,MTG,The Horus Heresy Legiones Astartes: Typhon Heavy Siege Tank,2,Dostępny
2023-10-19,117.0,MTG,Ultramarines Captain Messinius,9,Dostępny
2023-10-19,522.9,MTG,White Scars Storm of Chogoris Battleforce,2,Dostępny
2023-10-19,183.0,MTG,The Horus Heresy Legiones Astartes: Scorpius Missile Tank,2,Dostępny
2023-10-19,200.0,MTG,The Horus Heresy Legiones Astartes: Predator Support Tank,3,Dostępny
2023-10-19,254.0,MTG,The Horus Heresy Legiones Astartes: Land Raider Proteus,2,Dostępny
2023-10-19,59.0,MTG,The Horus Heresy Age of Darkness Reference Cards,1,Dostępny
2023-10-19,200.0,MTG,The Horus Heresy Legiones Astartes: Deimos Pattern Predator Battle Tank,2,Dostępny
2023-10-19,129.0,MTG,The Horus Heresy Legiones Astartes: Heavy Weapons Upgrade Set Volkite...,1,Dostępny
2023-10-19,129.0,MTG,"The Horus Heresy Legiones Astartes: Heavy Weapons Upgrade Set Heavy Flamers,...",2,Dostępny
2023-10-19,200.0,MTG,Kill Team: Phobos Strike Team,1,Dostępny
2023-10-19,320.0,MTG,The Horus Heresy Legiones Astartes: Spartan Assault Tank,2,Dostępny
2023-10-19,229.0,MTG,The Horus Heresy Legiones Astartes: Leviathan Dreadnought with Ranged Weapons,2,Dostępny
2023-10-19,229.0,MTG,The Horus Heresy Legiones Astartes: Sicaran Battle Tank,2,Dostępny
2023-10-19,254.0,MTG,The Horus Heresy Legiones Astartes: Cataphractii Terminator Squad,2,Dostępny
2023-10-19,175.0,MTG,The Horus Heresy Legiones Astartes: Contemptor Dreadnought,2,Dostępny
2023-10-19,92.0,MTG,The Horus Heresy Legiones Astartes: Praetor with Power Sword,2,Dostępny
2023-10-19,92.0,MTG,The Horus Heresy Legiones Astartes: Praetor with Power Axe,1,Dostępny
2023-10-19,254.0,MTG,The Horus Heresy Legiones Astartes: Terminator Tartaros Squad,1,Dostępny
2023-10-19,229.0,MTG,The Horus Heresy Leviathan Dreadnought with Claws & Drill Weapons,2,Dostępny
2023-10-19,104.0,MTG,The Horus Heresy Legion Dice: Imperial Fists,1,Dostępny
2023-10-19,229.0,MTG,The Horus Heresy Legiones Astartes: MKVI Tactical Squad,1,Dostępny
2023-10-19,200.0,MTG,The Horus Heresy Liber Astartes Loyalist Legiones Astartes [ENG],1,Dostępny
2023-10-19,366.0,MTG,The Horus Heresy Legiones Astartes: Kratos Heavy Assault Tank,2,Dostępny
2023-10-19,129.0,MTG,The Horus Heresy Legiones Astartes: Special Weapons Upgrade Set,2,Dostępny
2023-10-19,129.0,MTG,The Horus Heresy Legiones Astartes: Heavy Weapons Upgrade Set Missile...,2,Dostępny
2023-10-19,137.0,MTG,The Horus Heresy Legiones Astartes: Deimos Pattern Rhino,1,Dostępny
2023-10-19,100.0,MTG,Kill Team Phobos Strike Team Dice Set,5,Dostępny
2023-10-19,117.0,MTG,Space Marines: Primaris Ancient,2,Dostępny
2023-10-19,117.0,MTG,Space Marines Captain in Gravis Armour,2,Dostępny
2023-10-19,47.0,MTG,Datacards: Black Templars 2021,3,Dostępny
2023-10-19,436.0,MTG,Combat Patrol: Black Templars,2,Dostępny
2023-10-19,98.0,MTG,Black Templars Upgrades and Transfers,1,Dostępny
2023-10-19,108.0,MTG,Black Templars Marshal,2,Dostępny
2023-10-19,108.0,MTG,Black Templars Castellan,1,Dostępny
2023-10-19,154.0,MTG,Black Templars Grimaldus & Retinue,1,Dostępny
2023-10-19,175.0,MTG,Black Templars Sword Brethren,1,Dostępny
2023-10-19,83.0,MTG,Kill Team Adeptus Astartes Dice Set,3,Dostępny
2023-10-19,117.0,MTG,Space Marines Captain with Master-crafted Heavy Bolt Rifle,2,Dostępny
2023-10-19,175.0,MTG,Ultramarines Marneus Calgar with Victrix Honour Guard,2,Dostępny
2023-10-19,129.0,MTG,Imperial Fists Tor Garadon,2,Dostępny
2023-10-19,57.0,MTG,Ultramarines Primaris Upgrades,2,Dostępny
2023-10-19,129.0,MTG,Salamanders Adrax Agatone,2,Dostępny
2023-10-19,129.0,MTG,Iron Hands Iron Father Feirros,1,Dostępny
2023-10-19,208.0,MTG,Space Marines Storm Speeder,1,Dostępny
2023-10-19,162.0,MTG,Space Marines Bladeguard Veterans,1,Dostępny
2023-10-19,162.0,MTG,Space Marines Primaris Eradicators,1,Dostępny
2023-10-19,129.0,MTG,Raven Guard Kayvaan Shrike,1,Dostępny
2023-10-19,175.0,MTG,Space Marines Assault Intercessors,1,Dostępny
2023-10-19,162.0,MTG,Space Marines Primaris Inceptors,1,Dostępny
2023-10-19,175.0,MTG,Space Marines Outriders,3,Dostępny
2023-10-19,312.0,MTG,Space Marines Land Raider Crusader,1,Dostępny
2023-10-19,162.0,MTG,Space Marines Vanguard Veteran Squad,3,Dostępny
2023-10-19,117.0,MTG,Space Marines Primaris Techmarine,1,Dostępny
2023-10-19,183.0,MTG,Space Marines Hammerfall Bunker,2,Dostępny
2023-10-19,154.0,MTG,Space Marines Razorback,2,Dostępny
2023-10-19,117.0,MTG,Space Marines Primaris Captain in Phobos Armour,2,Dostępny
2023-10-19,229.0,MTG,Space Marines Primaris Impulsor,1,Dostępny
2023-10-19,58.1,MTG,Warhammer 40000: Iron Hands Dice Set,1,Dostępny
2023-10-19,108.0,MTG,Space Marines Primaris Firestrike Servo-turret,2,Dostępny
2023-10-19,137.0,MTG,Space Marines Primaris Invader ATV,1,Dostępny
2023-10-19,154.0,MTG,Space Marines Primaris Chaplain on Bike,2,Dostępny
2023-10-19,254.0,MTG,Space Marines Primaris Repulsor,2,Dostępny
2023-10-19,320.0,MTG,Space Marines Stormraven Gunship,2,Dostępny
2023-10-19,79.0,MTG,Imperial Fists Primaris Upgrades and Transfers,1,Dostępny
2023-10-19,79.0,MTG,White Scars Primaris Upgrades and Transfers,2,Dostępny
2023-10-19,46.0,MTG,Ultramarines Upgrades,2,Dostępny
2023-10-19,79.0,MTG,Raven Guard Primaris Upgrades and Transfers,2,Dostępny
2023-10-19,79.0,MTG,Iron Hands Primaris Upgrades and Transfers,2,Dostępny
2023-10-19,108.0,MTG,Space Marines Primaris Librarian in Phobos Armour,2,Dostępny
2023-10-19,200.0,MTG,Space Marines Primaris Invictor Tactical Warsuit,2,Dostępny
2023-10-19,117.0,MTG,Space Marines Primaris Apothecary,3,Dostępny
2023-10-19,175.0,MTG,Space Marines Stormhawk Interceptor,3,Dostępny
2023-10-19,175.0,MTG,Space Marines Devastator Squad,3,Dostępny
2023-10-19,55.0,MTG,Datacards: Raven Guard 2019,1,Dostępny
2023-10-19,162.0,MTG,Space Marines Primaris Eliminators,2,Dostępny
2023-10-19,108.0,MTG,Space Marines Primaris Lieutenant with Power Sword,2,Dostępny
2023-10-19,129.0,MTG,White Scars Kor'sarro Khan,1,Dostępny
2023-10-19,129.0,MTG,Ultramarines Chief Librarian Tigurius,2,Dostępny
2023-10-19,47.0,MTG,Datacards: White Scars 2019,1,Dostępny
2023-10-19,312.0,MTG,Space Marines Primaris Repulsor Executioner,2,Dostępny
2023-10-19,200.0,MTG,Space Marines Roboute Guilliman,2,Dostępny
2023-10-19,175.0,MTG,Space Marines Primaris Hellblasters,1,Dostępny
2023-10-19,117.0,MTG,Space Marines Primaris Chaplain,2,Dostępny
2023-10-19,208.0,MTG,Space Marines Primaris Redemptor Dreadnought,2,Dostępny
2023-10-19,175.0,MTG,Space Marines Primaris Reivers,2,Dostępny
2023-10-19,117.0,MTG,Space Marines  Primaris Captain,2,Dostępny
2023-10-19,117.0,MTG,Space Marines Primaris Librarian,2,Dostępny
2023-10-19,175.0,MTG,Space Marines Venerable Dreadnought,3,Dostępny
2023-10-19,200.0,MTG,Space Marines Vindicator,2,Dostępny
2023-10-19,175.0,MTG,Space Marines Terminator Assault Squad,2,Dostępny
2023-10-19,96.0,MTG,Space Marines Librarian,2,Dostępny
2023-10-19,162.0,MTG,Space Marines Tactical Squad,3,Dostępny
2023-10-19,154.0,MTG,Space Marines Drop Pod,1,Dostępny
2023-10-19,229.0,MTG,Space Marines Centurion Assault Squad,1,Dostępny
2023-10-19,183.0,MTG,The Horus Heresy Legiones Astartes: Sky-hunter Squadron,0,Produkt niedostępny
2023-10-19,581.0,MTG,Battleforce Raven Guard Ravenstrike Battle Force,0,Produkt niedostępny
2023-10-19,117.0,MTG,Black Templars Bayard's Revenge,0,Produkt niedostępny
2023-10-19,855.0,MTG,The Horus Heresy Age of Darkness,0,Produkt niedostępny
2023-10-19,117.0,MTG,Black Templars Emperor's Champion,0,Produkt niedostępny
2023-10-19,175.0,MTG,Black Templars Primaris Crusader Squad,0,Produkt niedostępny
2023-10-19,154.0,MTG,Black Templars High Marshal Helbrecht,0,Produkt niedostępny
2023-10-19,200.0,MTG,Space Marines Predator,0,Produkt niedostępny
2023-10-19,183.0,MTG,Space Marines Heavy Intercessors,0,Produkt niedostępny
2023-10-19,79.0,MTG,Salamanders Primaris Upgrades and Transfers,0,Produkt niedostępny
2023-10-19,254.0,MTG,Space Marines Gladiator,0,Produkt niedostępny
2023-10-19,162.0,MTG,Space Marines Primaris Aggressors,0,Produkt niedostępny
2023-10-19,175.0,MTG,Space Marines Primaris Infiltrators,0,Produkt niedostępny
2023-10-19,108.0,MTG,Space Marines Primaris Lieutenant in Reiver Armour,0,Produkt niedostępny
2023-10-19,175.0,MTG,Space Marines Primaris Intercessors,0,Produkt niedostępny
